,Sources,Authentication Service operational,Authentication Service degraded,Authentication Service unresponsive,Availability Item Filter operational,Availability Item Filter degraded,Availability Item Filter unresponsive,Bid and Buy Service operational,Bid and Buy Service degraded,Bid and Buy Service unresponsive,Buy Now Item Filter operational,Buy Now Item Filter degraded,Buy Now Item Filter unresponsive,Category Item Filter operational,Category Item Filter degraded,Category Item Filter unresponsive,Comment Item Filter operational,Comment Item Filter degraded,Comment Item Filter unresponsive,Future Sales Item Filter operational,Future Sales Item Filter degraded,Future Sales Item Filter unresponsive,Inventory Service operational,Inventory Service degraded,Inventory Service unresponsive,Item Management Service operational,Item Management Service degraded,Item Management Service unresponsive,Last Second Sales Item Filter operational,Last Second Sales Item Filter degraded,Last Second Sales Item Filter unresponsive,Past Sales Item Filter operational,Past Sales Item Filter degraded,Past Sales Item Filter unresponsive,Persistence Service operational,Persistence Service degraded,Persistence Service unresponsive,Query Service operational,Query Service degraded,Query Service unresponsive,Recommendation Item Filter operational,Recommendation Item Filter degraded,Recommendation Item Filter unresponsive,Region Item Filter operational,Region Item Filter degraded,Region Item Filter unresponsive,Reputation Service operational,Reputation Service degraded,Reputation Service unresponsive,Seller Reputation Item Filter operational,Seller Reputation Item Filter degraded,Seller Reputation Item Filter unresponsive,User Management Service operational,User Management Service degraded,User Management Service unresponsive,Supervisory Component operational,Supervisory Component degraded,Supervisory Component unresponsive
0,Authentication Service operational,0.33699491723782593,0.33036611956463563,0.0,0.0,0.0,0.0,0.0,0.0,0.0,0.0,0.0,0.0,0.0,0.0,0.0,0.0,0.0,0.0,0.0,0.0,0.0,0.0,0.0,0.0,0.0,0.0,0.0,0.0,0.0,0.0,0.0,0.0,0.0,0.0,0.0,0.0,0.33263896319753833,0.0,0.0,0.0,0.0,0.0,0.0,0.0,0.0,0.0,0.0,0.0,0.0,0.0,0.0,0.0,0.0,0.0,0.0,0.0,0.0
1,Authentication Service degraded,0.24923590496675038,0.24488179009635255,0.24951807537211537,0.0,0.0,0.0,0.0,0.0,0.0,0.0,0.0,0.0,0.0,0.0,0.0,0.0,0.0,0.0,0.0,0.0,0.0,0.0,0.0,0.0,0.0,0.0,0.0,0.0,0.0,0.0,0.0,0.0,0.0,0.0,0.0,0.0,0.0,0.25636422956478166,0.0,0.0,0.0,0.0,0.0,0.0,0.0,0.0,0.0,0.0,0.0,0.0,0.0,0.0,0.0,0.0,0.0,0.0,0.0
2,Authentication Service unresponsive,0.24459579142533563,0.0,0.24905867874628485,0.0,0.0,0.0,0.0,0.0,0.0,0.0,0.0,0.0,0.0,0.0,0.0,0.0,0.0,0.0,0.0,0.0,0.0,0.0,0.0,0.0,0.0,0.0,0.0,0.0,0.0,0.0,0.0,0.0,0.0,0.0,0.0,0.0,0.24459770174551843,0.0,0.26174782808286107,0.0,0.0,0.0,0.0,0.0,0.0,0.0,0.0,0.0,0.0,0.0,0.0,0.0,0.0,0.0,0.0,0.0,0.0
3,Availability Item Filter operational,0.0,0.0,0.0,0.33556301442604847,0.3327920217654819,0.0,0.0,0.0,0.0,0.0,0.0,0.0,0.0,0.0,0.0,0.0,0.0,0.0,0.0,0.0,0.0,0.0,0.0,0.0,0.0,0.0,0.0,0.0,0.0,0.0,0.0,0.0,0.0,0.0,0.0,0.0,0.0,0.0,0.0,0.0,0.0,0.0,0.33164496380846953,0.0,0.0,0.0,0.0,0.0,0.0,0.0,0.0,0.0,0.0,0.0,0.0,0.0,0.0
4,Availability Item Filter degraded,0.0,0.0,0.0,0.24803168879300952,0.2583957534431298,0.23661110564661622,0.0,0.0,0.0,0.0,0.0,0.0,0.0,0.0,0.0,0.0,0.0,0.0,0.0,0.0,0.0,0.0,0.0,0.0,0.0,0.0,0.0,0.0,0.0,0.0,0.0,0.0,0.0,0.0,0.0,0.0,0.0,0.0,0.0,0.0,0.0,0.0,0.0,0.2569614521172446,0.0,0.0,0.0,0.0,0.0,0.0,0.0,0.0,0.0,0.0,0.0,0.0,0.0
5,Availability Item Filter unresponsive,0.0,0.0,0.0,0.25160298281824245,0.0,0.2461640409615293,0.0,0.0,0.0,0.0,0.0,0.0,0.0,0.0,0.0,0.0,0.0,0.0,0.0,0.0,0.0,0.0,0.0,0.0,0.0,0.0,0.0,0.0,0.0,0.0,0.0,0.0,0.0,0.0,0.0,0.0,0.0,0.0,0.0,0.0,0.0,0.0,0.23603289687560125,0.0,0.26620007934462697,0.0,0.0,0.0,0.0,0.0,0.0,0.0,0.0,0.0,0.0,0.0,0.0
6,Bid and Buy Service operational,0.16372756887663115,0.0,0.0,0.0,0.0,0.0,0.16973292196934486,0.1670999745451098,0.0,0.0,0.0,0.0,0.0,0.0,0.0,0.0,0.0,0.0,0.0,0.0,0.0,0.16930182810037248,0.0,0.0,0.0,0.0,0.0,0.0,0.0,0.0,0.0,0.0,0.0,0.1654197913443738,0.0,0.0,0.164717915164168,0.0,0.0,0.0,0.0,0.0,0.0,0.0,0.0,0.0,0.0,0.0,0.0,0.0,0.0,0.0,0.0,0.0,0.0,0.0,0.0
7,Bid and Buy Service degraded,0.0,0.16648506412985548,0.0,0.0,0.0,0.0,0.1481527235025713,0.148642318535494,0.1438931874316526,0.0,0.0,0.0,0.0,0.0,0.0,0.0,0.0,0.0,0.0,0.0,0.0,0.0,0.12703636051660191,0.0,0.0,0.0,0.0,0.0,0.0,0.0,0.0,0.0,0.0,0.0,0.13159308460655503,0.0,0.0,0.1341972612772697,0.0,0.0,0.0,0.0,0.0,0.0,0.0,0.0,0.0,0.0,0.0,0.0,0.0,0.0,0.0,0.0,0.0,0.0,0.0
8,Bid and Buy Service unresponsive,0.11041238914470415,0.0,9.218040729955162e-07,0.0,0.0,0.0,0.1366318247779149,0.0,0.16171134048484018,0.0,0.0,0.0,0.0,0.0,0.0,0.0,0.0,0.0,0.0,0.0,0.0,0.10244150179588843,0.0,0.09393680968714424,0.0,0.0,0.0,0.0,0.0,0.0,0.0,0.0,0.0,0.09392905908347794,0.0,0.10198743212558702,0.08691979161585671,0.0,0.11202892948051359,0.0,0.0,0.0,0.0,0.0,0.0,0.0,0.0,0.0,0.0,0.0,0.0,0.0,0.0,0.0,0.0,0.0,0.0
9,Buy Now Item Filter operational,0.0,0.0,0.0,0.3344299664564728,0.0,0.0,0.0,0.0,0.0,0.33550268185866633,0.33006735168486084,0.0,0.0,0.0,0.0,0.0,0.0,0.0,0.0,0.0,0.0,0.0,0.0,0.0,0.0,0.0,0.0,0.0,0.0,0.0,0.0,0.0,0.0,0.0,0.0,0.0,0.0,0.0,0.0,0.0,0.0,0.0,0.0,0.0,0.0,0.0,0.0,0.0,0.0,0.0,0.0,0.0,0.0,0.0,0.0,0.0,0.0
10,Buy Now Item Filter degraded,0.0,0.0,0.0,0.0,0.25081860800292394,0.0,0.0,0.0,0.0,0.250620813976381,0.24579514471692157,0.2527654333037735,0.0,0.0,0.0,0.0,0.0,0.0,0.0,0.0,0.0,0.0,0.0,0.0,0.0,0.0,0.0,0.0,0.0,0.0,0.0,0.0,0.0,0.0,0.0,0.0,0.0,0.0,0.0,0.0,0.0,0.0,0.0,0.0,0.0,0.0,0.0,0.0,0.0,0.0,0.0,0.0,0.0,0.0,0.0,0.0,0.0
11,Buy Now Item Filter unresponsive,0.0,0.0,0.0,0.252053014863571,0.0,0.25350854314715016,0.0,0.0,0.0,0.24539941419733946,0.0,0.24903902779193926,0.0,0.0,0.0,0.0,0.0,0.0,0.0,0.0,0.0,0.0,0.0,0.0,0.0,0.0,0.0,0.0,0.0,0.0,0.0,0.0,0.0,0.0,0.0,0.0,0.0,0.0,0.0,0.0,0.0,0.0,0.0,0.0,0.0,0.0,0.0,0.0,0.0,0.0,0.0,0.0,0.0,0.0,0.0,0.0,0.0
12,Category Item Filter operational,0.0,0.0,0.0,0.0,0.0,0.0,0.0,0.0,0.0,0.0,0.0,0.0,0.3348129689899858,0.3290326517986016,0.0,0.0,0.0,0.0,0.0,0.0,0.0,0.0,0.0,0.0,0.0,0.0,0.0,0.0,0.0,0.0,0.0,0.0,0.0,0.0,0.0,0.0,0.0,0.0,0.0,0.3361543792114125,0.0,0.0,0.0,0.0,0.0,0.0,0.0,0.0,0.0,0.0,0.0,0.0,0.0,0.0,0.0,0.0,0.0
13,Category Item Filter degraded,0.0,0.0,0.0,0.0,0.0,0.0,0.0,0.0,0.0,0.0,0.0,0.0,0.24778235756004813,0.2549654002381291,0.2458633648657174,0.0,0.0,0.0,0.0,0.0,0.0,0.0,0.0,0.0,0.0,0.0,0.0,0.0,0.0,0.0,0.0,0.0,0.0,0.0,0.0,0.0,0.0,0.0,0.0,0.0,0.2513888773361053,0.0,0.0,0.0,0.0,0.0,0.0,0.0,0.0,0.0,0.0,0.0,0.0,0.0,0.0,0.0,0.0
14,Category Item Filter unresponsive,0.0,0.0,0.0,0.0,0.0,0.0,0.0,0.0,0.0,0.0,0.0,0.0,0.26224966882420897,0.0,0.24565025829504408,0.0,0.0,0.0,0.0,0.0,0.0,0.0,0.0,0.0,0.0,0.0,0.0,0.0,0.0,0.0,0.0,0.0,0.0,0.0,0.0,0.0,0.0,0.0,0.0,0.24788856985971772,0.0,0.2442115030210293,0.0,0.0,0.0,0.0,0.0,0.0,0.0,0.0,0.0,0.0,0.0,0.0,0.0,0.0,0.0
15,Comment Item Filter operational,0.0,0.0,0.0,0.0,0.0,0.0,0.0,0.0,0.0,0.0,0.0,0.0,0.33256226103674585,0.0,0.0,0.33184597358829987,0.33559176537495433,0.0,0.0,0.0,0.0,0.0,0.0,0.0,0.0,0.0,0.0,0.0,0.0,0.0,0.0,0.0,0.0,0.0,0.0,0.0,0.0,0.0,0.0,0.0,0.0,0.0,0.0,0.0,0.0,0.0,0.0,0.0,0.0,0.0,0.0,0.0,0.0,0.0,0.0,0.0,0.0
16,Comment Item Filter degraded,0.0,0.0,0.0,0.0,0.0,0.0,0.0,0.0,0.0,0.0,0.0,0.0,0.0,0.24776895891441317,0.0,0.2507350072192103,0.2521123012558979,0.24938373261047858,0.0,0.0,0.0,0.0,0.0,0.0,0.0,0.0,0.0,0.0,0.0,0.0,0.0,0.0,0.0,0.0,0.0,0.0,0.0,0.0,0.0,0.0,0.0,0.0,0.0,0.0,0.0,0.0,0.0,0.0,0.0,0.0,0.0,0.0,0.0,0.0,0.0,0.0,0.0
17,Comment Item Filter unresponsive,0.0,0.0,0.0,0.0,0.0,0.0,0.0,0.0,0.0,0.0,0.0,0.0,0.23974239630914618,0.0,0.23410397670390024,0.2610212643890389,0.0,0.2651323625979147,0.0,0.0,0.0,0.0,0.0,0.0,0.0,0.0,0.0,0.0,0.0,0.0,0.0,0.0,0.0,0.0,0.0,0.0,0.0,0.0,0.0,0.0,0.0,0.0,0.0,0.0,0.0,0.0,0.0,0.0,0.0,0.0,0.0,0.0,0.0,0.0,0.0,0.0,0.0
18,Future Sales Item Filter operational,0.0,0.0,0.0,0.0,0.0,0.0,0.0,0.0,0.0,0.0,0.0,0.0,0.0,0.0,0.0,0.0,0.0,0.0,0.33318670981183074,0.3325899253236858,0.0,0.0,0.0,0.0,0.0,0.0,0.0,0.0,0.0,0.0,0.0,0.0,0.0,0.0,0.0,0.0,0.0,0.0,0.0,0.0,0.0,0.0,0.0,0.0,0.0,0.0,0.0,0.0,0.0,0.0,0.0,0.0,0.0,0.0,0.3342233648644835,0.0,0.0
19,Future Sales Item Filter degraded,0.0,0.0,0.0,0.0,0.0,0.0,0.0,0.0,0.0,0.0,0.0,0.0,0.0,0.0,0.0,0.0,0.0,0.0,0.2482734800612812,0.24992927140097895,0.2485995145691545,0.0,0.0,0.0,0.0,0.0,0.0,0.0,0.0,0.0,0.0,0.0,0.0,0.0,0.0,0.0,0.0,0.0,0.0,0.0,0.0,0.0,0.0,0.0,0.0,0.0,0.0,0.0,0.0,0.0,0.0,0.0,0.0,0.0,0.0,0.2531977339685853,0.0
20,Future Sales Item Filter unresponsive,0.0,0.0,0.0,0.0,0.0,0.0,0.0,0.0,0.0,0.0,0.0,0.0,0.0,0.0,0.0,0.0,0.0,0.0,0.32495323006650706,0.0,0.3401255491028322,0.0,0.0,0.0,0.0,0.0,0.0,0.0,0.0,0.0,0.0,0.0,0.0,0.0,0.0,0.0,0.0,0.0,0.0,0.0,0.0,0.0,0.0,0.0,0.0,0.0,0.0,0.0,0.0,0.0,0.0,0.0,0.0,0.0,0.33492122083066084,0.0,0.30620298413344194
21,Inventory Service operational,0.0,0.0,0.0,0.0,0.0,0.0,0.0,0.0,0.0,0.0,0.0,0.0,0.0,0.0,0.0,0.0,0.0,0.0,0.0,0.0,0.0,0.24817370591523896,0.2433664596811959,0.0,0.0,0.0,0.0,0.0,0.0,0.0,0.0,0.0,0.0,0.2550014599748531,0.0,0.0,0.2534583744287121,0.0,0.0,0.0,0.0,0.0,0.0,0.0,0.0,0.0,0.0,0.0,0.0,0.0,0.0,0.0,0.0,0.0,0.0,0.0,0.0
22,Inventory Service degraded,0.0,0.0,0.0,0.0,0.0,0.0,0.0,0.0,0.0,0.0,0.0,0.0,0.0,0.0,0.0,0.0,0.0,0.0,0.0,0.0,0.0,0.20933700595490812,0.19919597764633806,0.1860791437118846,0.0,0.0,0.0,0.0,0.0,0.0,0.0,0.0,0.0,0.0,0.20017811341832362,0.0,0.0,0.2052097592685458,0.0,0.0,0.0,0.0,0.0,0.0,0.0,0.0,0.0,0.0,0.0,0.0,0.0,0.0,0.0,0.0,0.0,0.0,0.0
23,Inventory Service unresponsive,0.0,0.0,0.0,0.0,0.0,0.0,0.0,0.0,0.0,0.0,0.0,0.0,0.0,0.0,0.0,0.0,0.0,0.0,0.0,0.0,0.0,0.17471918257003452,0.0,0.21036002200862855,0.0,0.0,0.0,0.0,0.0,0.0,0.0,0.0,0.0,0.10025115556834606,0.0,0.2010107640481692,0.15676721385060952,0.0,0.15689166195421222,0.0,0.0,0.0,0.0,0.0,0.0,0.0,0.0,0.0,0.0,0.0,0.0,0.0,0.0,0.0,0.0,0.0,0.0
24,Item Management Service operational,0.19806923582132982,0.0,0.0,0.0,0.0,0.0,0.0,0.0,0.0,0.0,0.0,0.0,0.0,0.0,0.0,0.0,0.0,0.0,0.0,0.0,0.0,0.0,0.0,0.0,0.20168803830841525,0.20410864009377602,0.0,0.0,0.0,0.0,0.0,0.0,0.0,0.1972362490373546,0.0,0.0,0.19889783673912426,0.0,0.0,0.0,0.0,0.0,0.0,0.0,0.0,0.0,0.0,0.0,0.0,0.0,0.0,0.0,0.0,0.0,0.0,0.0,0.0
25,Item Management Service degraded,0.0,0.16647954807695522,0.0,0.0,0.0,0.0,0.0,0.0,0.0,0.0,0.0,0.0,0.0,0.0,0.0,0.0,0.0,0.0,0.0,0.0,0.0,0.0,0.0,0.0,0.17317883424957625,0.17832735758285143,0.16129545832603145,0.0,0.0,0.0,0.0,0.0,0.0,0.0,0.15942933473472312,0.0,0.0,0.1612894670298626,0.0,0.0,0.0,0.0,0.0,0.0,0.0,0.0,0.0,0.0,0.0,0.0,0.0,0.0,0.0,0.0,0.0,0.0,0.0
26,Item Management Service unresponsive,0.11271660802168487,0.0,0.06373871038437787,0.0,0.0,0.0,0.0,0.0,0.0,0.0,0.0,0.0,0.0,0.0,0.0,0.0,0.0,0.0,0.0,0.0,0.0,0.0,0.0,0.0,0.16463187213297942,0.0,0.15600264083684093,0.0,0.0,0.0,0.0,0.0,0.0,0.1426454175654184,0.0,0.17161339442350274,0.07011683668961792,0.0,0.1185345199455779,0.0,0.0,0.0,0.0,0.0,0.0,0.0,0.0,0.0,0.0,0.0,0.0,0.0,0.0,0.0,0.0,0.0,0.0
27,Last Second Sales Item Filter operational,0.0,0.0,0.0,0.0,0.0,0.0,0.0,0.0,0.0,0.0,0.0,0.0,0.0,0.0,0.0,0.0,0.0,0.0,0.0,0.0,0.0,0.0,0.0,0.0,0.0,0.0,0.0,0.3369295839024356,0.3295058549881138,0.0,0.33356456110945054,0.0,0.0,0.0,0.0,0.0,0.0,0.0,0.0,0.0,0.0,0.0,0.0,0.0,0.0,0.0,0.0,0.0,0.0,0.0,0.0,0.0,0.0,0.0,0.0,0.0,0.0
28,Last Second Sales Item Filter degraded,0.0,0.0,0.0,0.0,0.0,0.0,0.0,0.0,0.0,0.0,0.0,0.0,0.0,0.0,0.0,0.0,0.0,0.0,0.0,0.0,0.0,0.0,0.0,0.0,0.0,0.0,0.0,0.2566533483115791,0.24503338055737442,0.24903937500459603,0.0,0.24927389612645048,0.0,0.0,0.0,0.0,0.0,0.0,0.0,0.0,0.0,0.0,0.0,0.0,0.0,0.0,0.0,0.0,0.0,0.0,0.0,0.0,0.0,0.0,0.0,0.0,0.0
29,Last Second Sales Item Filter unresponsive,0.0,0.0,0.0,0.0,0.0,0.0,0.0,0.0,0.0,0.0,0.0,0.0,0.0,0.0,0.0,0.0,0.0,0.0,0.0,0.0,0.0,0.0,0.0,0.0,0.0,0.0,0.0,0.2485248633297187,0.0,0.2389099172875634,0.2570173069759296,0.0,0.25554791240678826,0.0,0.0,0.0,0.0,0.0,0.0,0.0,0.0,0.0,0.0,0.0,0.0,0.0,0.0,0.0,0.0,0.0,0.0,0.0,0.0,0.0,0.0,0.0,0.0
30,Past Sales Item Filter operational,0.0,0.0,0.0,0.0,0.0,0.0,0.0,0.0,0.0,0.33354565118041885,0.0,0.0,0.0,0.0,0.0,0.0,0.0,0.0,0.0,0.0,0.0,0.0,0.0,0.0,0.0,0.0,0.0,0.0,0.0,0.0,0.33342479905396777,0.3330295497656134,0.0,0.0,0.0,0.0,0.0,0.0,0.0,0.0,0.0,0.0,0.0,0.0,0.0,0.0,0.0,0.0,0.0,0.0,0.0,0.0,0.0,0.0,0.0,0.0,0.0
31,Past Sales Item Filter degraded,0.0,0.0,0.0,0.0,0.0,0.0,0.0,0.0,0.0,0.0,0.25307753284288653,0.0,0.0,0.0,0.0,0.0,0.0,0.0,0.0,0.0,0.0,0.0,0.0,0.0,0.0,0.0,0.0,0.0,0.0,0.0,0.25191352226449404,0.25082466649261337,0.24418427840000606,0.0,0.0,0.0,0.0,0.0,0.0,0.0,0.0,0.0,0.0,0.0,0.0,0.0,0.0,0.0,0.0,0.0,0.0,0.0,0.0,0.0,0.0,0.0,0.0
32,Past Sales Item Filter unresponsive,0.0,0.0,0.0,0.0,0.0,0.0,0.0,0.0,0.0,0.2331134437396544,0.0,0.24985724558124248,0.0,0.0,0.0,0.0,0.0,0.0,0.0,0.0,0.0,0.0,0.0,0.0,0.0,0.0,0.0,0.0,0.0,0.0,0.2591983118822794,0.0,0.25783099879682386,0.0,0.0,0.0,0.0,0.0,0.0,0.0,0.0,0.0,0.0,0.0,0.0,0.0,0.0,0.0,0.0,0.0,0.0,0.0,0.0,0.0,0.0,0.0,0.0
33,Persistence Service operational,0.0,0.0,0.0,0.0,0.0,0.0,0.0,0.0,0.0,0.0,0.0,0.0,0.0,0.0,0.0,0.0,0.0,0.0,0.0,0.0,0.0,0.0,0.0,0.0,0.0,0.0,0.0,0.0,0.0,0.0,0.0,0.0,0.0,0.331786975492014,0.33094567180854473,0.0,0.0,0.0,0.0,0.0,0.0,0.0,0.0,0.0,0.0,0.0,0.0,0.0,0.0,0.0,0.0,0.0,0.0,0.0,0.3372673526994413,0.0,0.0
34,Persistence Service degraded,0.0,0.0,0.0,0.0,0.0,0.0,0.0,0.0,0.0,0.0,0.0,0.0,0.0,0.0,0.0,0.0,0.0,0.0,0.0,0.0,0.0,0.0,0.0,0.0,0.0,0.0,0.0,0.0,0.0,0.0,0.0,0.0,0.0,0.25239849326042946,0.25486732782149124,0.2528597961352686,0.0,0.0,0.0,0.0,0.0,0.0,0.0,0.0,0.0,0.0,0.0,0.0,0.0,0.0,0.0,0.0,0.0,0.0,0.0,0.23987438278281062,0.0
35,Persistence Service unresponsive,0.0,0.0,0.0,0.0,0.0,0.0,0.0,0.0,0.0,0.0,0.0,0.0,0.0,0.0,0.0,0.0,0.0,0.0,0.0,0.0,0.0,0.0,0.0,0.0,0.0,0.0,0.0,0.0,0.0,0.0,0.0,0.0,0.0,0.3550777779239348,0.0,0.36576616482387475,0.0,0.0,0.0,0.0,0.0,0.0,0.0,0.0,0.0,0.0,0.0,0.0,0.0,0.0,0.0,0.0,0.0,0.0,0.27915605725219045,0.0,0.3588381090153771
36,Query Service operational,0.0,0.0,0.0,0.0,0.0,0.0,0.0,0.0,0.0,0.0,0.0,0.0,0.0,0.0,0.0,0.0,0.0,0.0,0.0,0.0,0.0,0.0,0.0,0.0,0.0,0.0,0.0,0.33416562198586924,0.0,0.0,0.0,0.0,0.0,0.0,0.0,0.0,0.32971585917769486,0.336118518836436,0.0,0.0,0.0,0.0,0.0,0.0,0.0,0.0,0.0,0.0,0.0,0.0,0.0,0.0,0.0,0.0,0.0,0.0,0.0
37,Query Service degraded,0.0,0.0,0.0,0.0,0.0,0.0,0.0,0.0,0.0,0.0,0.0,0.0,0.0,0.0,0.0,0.0,0.0,0.0,0.0,0.0,0.0,0.0,0.0,0.0,0.0,0.0,0.0,0.0,0.24814038718016784,0.0,0.0,0.0,0.0,0.0,0.0,0.0,0.25125692474404127,0.24649433804098514,0.2541083500348058,0.0,0.0,0.0,0.0,0.0,0.0,0.0,0.0,0.0,0.0,0.0,0.0,0.0,0.0,0.0,0.0,0.0,0.0
38,Query Service unresponsive,0.0,0.0,0.0,0.0,0.0,0.0,0.0,0.0,0.0,0.0,0.0,0.0,0.0,0.0,0.0,0.0,0.0,0.0,0.0,0.0,0.0,0.0,0.0,0.0,0.0,0.0,0.0,0.23540342892714086,0.0,0.25270949288639677,0.0,0.0,0.0,0.0,0.0,0.0,0.25401517942926355,0.0,0.2578718987571987,0.0,0.0,0.0,0.0,0.0,0.0,0.0,0.0,0.0,0.0,0.0,0.0,0.0,0.0,0.0,0.0,0.0,0.0
39,Recommendation Item Filter operational,0.0,0.0,0.0,0.0,0.0,0.0,0.0,0.0,0.0,0.0,0.0,0.0,0.0,0.0,0.0,0.0,0.0,0.0,0.3340060646649758,0.0,0.0,0.0,0.0,0.0,0.0,0.0,0.0,0.0,0.0,0.0,0.0,0.0,0.0,0.0,0.0,0.0,0.0,0.0,0.0,0.3355266565598643,0.3304672787751598,0.0,0.0,0.0,0.0,0.0,0.0,0.0,0.0,0.0,0.0,0.0,0.0,0.0,0.0,0.0,0.0
40,Recommendation Item Filter degraded,0.0,0.0,0.0,0.0,0.0,0.0,0.0,0.0,0.0,0.0,0.0,0.0,0.0,0.0,0.0,0.0,0.0,0.0,0.0,0.24821354586548638,0.0,0.0,0.0,0.0,0.0,0.0,0.0,0.0,0.0,0.0,0.0,0.0,0.0,0.0,0.0,0.0,0.0,0.0,0.0,0.250692151572741,0.2651956255076907,0.23589867705408182,0.0,0.0,0.0,0.0,0.0,0.0,0.0,0.0,0.0,0.0,0.0,0.0,0.0,0.0,0.0
41,Recommendation Item Filter unresponsive,0.0,0.0,0.0,0.0,0.0,0.0,0.0,0.0,0.0,0.0,0.0,0.0,0.0,0.0,0.0,0.0,0.0,0.0,0.23815529826449874,0.0,0.2565675067811391,0.0,0.0,0.0,0.0,0.0,0.0,0.0,0.0,0.0,0.0,0.0,0.0,0.0,0.0,0.0,0.0,0.0,0.0,0.2674295954996522,0.0,0.23784759945470993,0.0,0.0,0.0,0.0,0.0,0.0,0.0,0.0,0.0,0.0,0.0,0.0,0.0,0.0,0.0
42,Region Item Filter operational,0.0,0.0,0.0,0.0,0.0,0.0,0.0,0.0,0.0,0.0,0.0,0.0,0.0,0.0,0.0,0.0,0.0,0.0,0.0,0.0,0.0,0.0,0.0,0.0,0.0,0.0,0.0,0.0,0.0,0.0,0.0,0.0,0.0,0.0,0.0,0.0,0.0,0.0,0.0,0.0,0.0,0.0,0.3335803223749415,0.33258860211104657,0.0,0.0,0.0,0.0,0.33383107551401187,0.0,0.0,0.0,0.0,0.0,0.0,0.0,0.0
43,Region Item Filter degraded,0.0,0.0,0.0,0.0,0.0,0.0,0.0,0.0,0.0,0.0,0.0,0.0,0.0,0.0,0.0,0.0,0.0,0.0,0.0,0.0,0.0,0.0,0.0,0.0,0.0,0.0,0.0,0.0,0.0,0.0,0.0,0.0,0.0,0.0,0.0,0.0,0.0,0.0,0.0,0.0,0.0,0.0,0.25148966416214363,0.24488288259100796,0.25229117795513106,0.0,0.0,0.0,0.0,0.2513362752917173,0.0,0.0,0.0,0.0,0.0,0.0,0.0
44,Region Item Filter unresponsive,0.0,0.0,0.0,0.0,0.0,0.0,0.0,0.0,0.0,0.0,0.0,0.0,0.0,0.0,0.0,0.0,0.0,0.0,0.0,0.0,0.0,0.0,0.0,0.0,0.0,0.0,0.0,0.0,0.0,0.0,0.0,0.0,0.0,0.0,0.0,0.0,0.0,0.0,0.0,0.0,0.0,0.0,0.259493501259077,0.0,0.25381691378399346,0.0,0.0,0.0,0.2410961163443155,0.0,0.24559346861261394,0.0,0.0,0.0,0.0,0.0,0.0
45,Reputation Service operational,0.20157606449353035,0.0,0.0,0.0,0.0,0.0,0.0,0.0,0.0,0.0,0.0,0.0,0.0,0.0,0.0,0.0,0.0,0.0,0.0,0.0,0.0,0.0,0.0,0.0,0.0,0.0,0.0,0.0,0.0,0.0,0.0,0.0,0.0,0.20197887909294698,0.0,0.0,0.202247805262639,0.0,0.0,0.0,0.0,0.0,0.0,0.0,0.0,0.20261233093333839,0.19158492021754525,0.0,0.0,0.0,0.0,0.0,0.0,0.0,0.0,0.0,0.0
46,Reputation Service degraded,0.0,0.15781141265557538,0.0,0.0,0.0,0.0,0.0,0.0,0.0,0.0,0.0,0.0,0.0,0.0,0.0,0.0,0.0,0.0,0.0,0.0,0.0,0.0,0.0,0.0,0.0,0.0,0.0,0.0,0.0,0.0,0.0,0.0,0.0,0.0,0.17002850656198742,0.0,0.0,0.14883540731381728,0.0,0.0,0.0,0.0,0.0,0.0,0.0,0.17958935069570173,0.17787594806251178,0.16585937471040643,0.0,0.0,0.0,0.0,0.0,0.0,0.0,0.0,0.0
47,Reputation Service unresponsive,0.1341540318388653,0.0,1.8539573712431565e-06,0.0,0.0,0.0,0.0,0.0,0.0,0.0,0.0,0.0,0.0,0.0,0.0,0.0,0.0,0.0,0.0,0.0,0.0,0.0,0.0,0.0,0.0,0.0,0.0,0.0,0.0,0.0,0.0,0.0,0.0,0.2729446795855845,0.0,2.7832648704068697e-06,1.8557317053704266e-06,0.0,0.0,0.0,0.0,0.0,0.0,0.0,0.0,0.2918074324838425,0.0,0.30108736313776074,0.0,0.0,0.0,0.0,0.0,0.0,0.0,0.0,0.0
48,Seller Reputation Item Filter operational,0.0,0.0,0.0,0.0,0.0,0.0,0.0,0.0,0.0,0.0,0.0,0.0,0.0,0.0,0.0,0.3345963915714784,0.0,0.0,0.0,0.0,0.0,0.0,0.0,0.0,0.0,0.0,0.0,0.0,0.0,0.0,0.0,0.0,0.0,0.0,0.0,0.0,0.0,0.0,0.0,0.0,0.0,0.0,0.0,0.0,0.0,0.0,0.0,0.0,0.33333168761302373,0.3320719208154978,0.0,0.0,0.0,0.0,0.0,0.0,0.0
49,Seller Reputation Item Filter degraded,0.0,0.0,0.0,0.0,0.0,0.0,0.0,0.0,0.0,0.0,0.0,0.0,0.0,0.0,0.0,0.0,0.24651515351827746,0.0,0.0,0.0,0.0,0.0,0.0,0.0,0.0,0.0,0.0,0.0,0.0,0.0,0.0,0.0,0.0,0.0,0.0,0.0,0.0,0.0,0.0,0.0,0.0,0.0,0.0,0.0,0.0,0.0,0.0,0.0,0.2538852326558844,0.2416669626709904,0.2579326511548478,0.0,0.0,0.0,0.0,0.0,0.0
50,Seller Reputation Item Filter unresponsive,0.0,0.0,0.0,0.0,0.0,0.0,0.0,0.0,0.0,0.0,0.0,0.0,0.0,0.0,0.0,0.24182998806275766,0.0,0.24498357745816737,0.0,0.0,0.0,0.0,0.0,0.0,0.0,0.0,0.0,0.0,0.0,0.0,0.0,0.0,0.0,0.0,0.0,0.0,0.0,0.0,0.0,0.0,0.0,0.0,0.0,0.0,0.0,0.0,0.0,0.0,0.26371961099579516,0.0,0.24946682348327995,0.0,0.0,0.0,0.0,0.0,0.0
51,User Management Service operational,0.2015358475915782,0.0,0.0,0.0,0.0,0.0,0.0,0.0,0.0,0.0,0.0,0.0,0.0,0.0,0.0,0.0,0.0,0.0,0.0,0.0,0.0,0.0,0.0,0.0,0.0,0.0,0.0,0.0,0.0,0.0,0.0,0.0,0.0,0.19805988814220302,0.0,0.0,0.20070875861230553,0.0,0.0,0.0,0.0,0.0,0.0,0.0,0.0,0.0,0.0,0.0,0.0,0.0,0.0,0.1977925029317201,0.20190300272219314,0.0,0.0,0.0,0.0
52,User Management Service degraded,0.0,0.16012380527187162,0.0,0.0,0.0,0.0,0.0,0.0,0.0,0.0,0.0,0.0,0.0,0.0,0.0,0.0,0.0,0.0,0.0,0.0,0.0,0.0,0.0,0.0,0.0,0.0,0.0,0.0,0.0,0.0,0.0,0.0,0.0,0.0,0.1660476972649545,0.0,0.0,0.153394876509377,0.0,0.0,0.0,0.0,0.0,0.0,0.0,0.0,0.0,0.0,0.0,0.0,0.0,0.17843219539187422,0.17551181263107676,0.166489612930846,0.0,0.0,0.0
53,User Management Service unresponsive,1.5357136495855702e-06,0.0,0.17512682843714028,0.0,0.0,0.0,0.0,0.0,0.0,0.0,0.0,0.0,0.0,0.0,0.0,0.0,0.0,0.0,0.0,0.0,0.0,0.0,0.0,0.0,0.0,0.0,0.0,0.0,0.0,0.0,0.0,0.0,0.0,0.1565059701877529,0.0,7.671223849795018e-07,2.2964096861988426e-06,0.0,0.17002971118675042,0.0,0.0,0.0,0.0,0.0,0.0,0.0,0.0,0.0,0.0,0.0,0.0,0.2254965754326768,0.0,0.27283631550995885,0.0,0.0,0.0
54,Supervisory Component operational,0.12487060957008499,0.0,0.0,0.0,0.0,0.0,0.12448709261073405,0.0,0.0,0.0,0.0,0.0,0.0,0.0,0.0,0.0,0.0,0.0,0.0,0.0,0.0,0.1244995030991929,0.0,0.0,0.12541635547272809,0.0,0.0,0.0,0.0,0.0,0.0,0.0,0.0,0.0,0.0,0.0,0.0,0.0,0.0,0.0,0.0,0.0,0.0,0.0,0.0,0.12534623686242768,0.0,0.0,0.0,0.0,0.0,0.12457583319153756,0.0,0.0,0.1258853872111569,0.12491898198213783,0.0
55,Supervisory Component degraded,0.0,0.11867787396034848,0.0,0.0,0.0,0.0,0.0,0.12657278624334753,0.0,0.0,0.0,0.0,0.0,0.0,0.0,0.0,0.0,0.0,0.0,0.0,0.0,0.0,0.12248014621589023,0.0,0.0,0.1325987070756052,0.0,0.0,0.0,0.0,0.0,0.0,0.0,0.0,0.0,0.0,0.0,0.0,0.0,0.0,0.0,0.0,0.0,0.0,0.0,0.0,0.12856069129321757,0.0,0.0,0.0,0.0,0.0,0.11548475094780249,0.0,0.12812380410639998,0.12750124015738842,0.1289855840461416
56,Supervisory Component unresponsive,0.085321463788648,0.0,0.07460084800142934,0.0,0.0,0.0,0.06532426581576217,0.0,0.07444234750174453,0.0,0.0,0.0,0.0,0.0,0.0,0.0,0.0,0.0,0.0,0.0,0.0,0.07634104986954916,0.0,0.0832902907118872,0.07763865890958736,0.0,0.08013753260748643,0.0,0.0,0.0,0.0,0.0,0.0,0.0,0.0,0.0,0.0,0.0,0.0,0.0,0.0,0.0,0.0,0.0,0.0,0.09380880466446082,0.0,0.04993109900596124,0.0,0.0,0.0,0.07640851981999032,0.0,0.07360387832246615,0.0891512409810275,0.0,0.09187425438953993
